route_category_id,cargo_category_id,measurement_unit_id,cargo_item_description,cargo_item_freight,cargo_item_measure_required,cargo_item_min_length,cargo_item_max_length,cargo_item_min_width,cargo_item_max_width,cargo_item_min_height,cargo_item_max_height,cargo_item_base_cbm
1,8,,Minimum Charge,410,No,,,,,,,0
1,8,,Maximum Charge (for high value items),671.72,No,,,,,,,0
1,8,,Minimum Charge per carton,32,No,,,,,,,0
1,8,,Class A,927.13,No,,,,,,,0
1,8,,Class B,741.71,No,,,,,,,0
1,8,,Class C,602.66,No,,,,,,,0
1,13,1,Air Compressor 1/4 HP,602.66,Yes,45,60,20,30,45,65,
1,3,3,Aircon,472.07,Yes,18,26,15,24,12,18,
1,3,3,Aircon (split type 2 crtn) 2-15-16,624.22,Yes,30,45,8,12,10,15,
1,8,1,Baking powder (in pail),32,Yes,25,35,25,35,30,45,
1,4,3,"Balluster 24"" (4 pcs per bundle)",32,Yes,10,12,10,12,24,25,
1,8,1,Behon (per bundle) 6/1,103,Yes,45,60,30,40,30,40,
1,1,1,Bermuda grass (sacks),39.01,Yes,40,50,40,50,50,70,
1,8,1,Bicycle,151.06,Yes,120,175,20,30,60,110,
1,15,1,Bombay/onions/garlic - 3 red bags,28.32,Yes,30,45,30,45,50,75,
1,15,1,Bombay/onions/garlic - 4 red bags,47.2,Yes,40,55,40,55,60,85,
1,15,1,Bombay/onions/garlic - 5 red bags / 1 sack veg,75.58,Yes,50,65,50,65,70,95,
1,13,,Bread mini roller 0.85cbm,802.53,No,,,,,,,0.85
1,13,1,Briggs & Straton 6.5HP - 10HP,188.83,Yes,35,45,30,40,35,45,
1,11,2,Cadaver (No doc. stamp),1057.44,Yes,6.5,7.5,2.2,2.8,1.8,2.5,
1,8,1,Calumet in carton - 20kls,32,Yes,30,45,30,45,25,35,
1,8,,Candies (carton 0.3cbm),32,No,,,,,,,0.3
1,8,,Candles (0.14cbm),94.42,No,,,,,,,0.14
1,4,1,Cement 40kls sacks,29.33,Yes,55,65,35,45,10,15,
1,13,3,Chainsaw,185.07,Yes,28,38,10,12,10,14,
1,10,,Chlorine (in drum) 35 kls above 0.9cbm,83.46,No,,,,,,,0.9
1,8,3,Coal tar (pails/tins),32,Yes,12,14,12,14,14,16,
1,8,1,Cocoa (in ctn),32,Yes,30,45,20,35,20,35,
1,4,3,Color roof #26 or #31: 4'x10',18.89,Yes,48,50,1,2,96,98,
1,4,3,Color roof #26 or #31: 4'x12',22.66,Yes,48,50,1,2,120,122,
1,4,3,Color roof #26 or #31: 4'x8',15.1,Yes,48,50,1,2,144,146,
1,4,3,Computer set,343.66,Yes,18,24,8,20,18,24,
1,1,1,Corn Grains 40 kls sacks,20.65,Yes,60,75,40,50,15,20,
1,8,1,Corn starch 45 kls sacks,20.65,Yes,60,75,40,50,15,20,
1,4,3,Corrugated plain sheet #24: 3' x 10'/4' x 8',15.65,Yes,36,48,48,120,1,2,
1,4,3,Corrugated plain sheet #24: 3' x 12'/4' x 10',18.73,Yes,36,48,48,144,1,2,
1,4,3,Corrugated plain sheet #24: 3' x 8'/4' x 12',23.22,Yes,36,48,48,144,1,2,
1,4,3,Corrugated plain sheet #26 or #31: 3' x 10'/4' x 10',9.44,Yes,36,48,48,120,1,2,
1,4,3,Corrugated plain sheet #26 or #31: 3' x 12'/4' x 12',11.33,Yes,36,48,48,144,1,2,
1,4,3,Corrugated plain sheet #26 or #31: 3' x 8'/4' x 8',8.62,Yes,36,48,48,144,1,2,
1,3,3,CPU/LCD,68.66,Yes,15,20,6,9,14,19,
1,4,3,Cyclone wire (per rolls) below 10 kilos,20.6,Yes,12,18,12,18,36,48,
1,13,1,Cylinder head 6D15 - 45kls,60.45,Yes,80,90,25,30,15,20,
1,8,1,Cylinder tank empty - 11kls,47.22,Yes,30,32,30,32,58,62,
1,8,1,Cylinder tank empty - 50kls,81.22,Yes,40,45,40,45,120,145,
1,10,3,Cylinder tank fulls - 11kls,66.09,Yes,12,13,12,13,23,25,
1,10,3,Cylinder tank fulls - 50 kls,100.08,Yes,16,18,16,18,48,58,
1,3,1,Desk fan,47.21,Yes,35,45,30,35,50,65,
1,2,1,Dog rottweiler,686.64,Yes,60,95,25,33,55,75,
1,2,1,Dressed chicken,85.02,Yes,15,25,10,20,10,20,
1,15,1,Dried fish (in sacks up to 60kls),93.63,Yes,45,55,45,55,80,95,
1,15,3,Dried fish (per carton 30-40 kls),68.66,Yes,24,28,16,18,14,16,
1,15,3,Dried fish (per cases 17kls),29.18,Yes,18,22,12,14,10,12,
1,15,1,Dried fish (per sacks/bakat up to 60kls),93.63,Yes,50,65,50,65,70,85,
1,15,3,Dried fish in cases,29.18,Yes,20,26,14,16,12,14,
1,4,1,Drum float,53.76,Yes,60,65,60,65,90,120,
1,13,3,Dynamo,113.31,Yes,10,14,6,10,6,10,
1,13,3,Dynamo Yanmar 10HP,245.62,Yes,18,24,12,16,12,16,
1,8,3,Edible oil: 11-17 kls cartons/carbuoys,32,Yes,10,14,10,14,14,18,
1,13,3,Electric motor,132.99,Yes,10,20,8,14,8,14,
1,8,1,Empty coffin - metal,472.24,Yes,190,210,55,75,45,60,
1,8,1,Empty coffin - wood,434.24,Yes,190,210,55,75,45,60,
1,8,3,Empty container (used) 5/1,32,Yes,12,16,12,16,16,20,
1,8,3,Empty container/pet bottles/5 gallons container per PC,8.9,Yes,12,14,12,14,16,18,
1,8,3,"Empty drums (steel, plastic)",67.85,Yes,23,24,23,24,34,36,
1,8,3,Empty tins (10x1),92.68,Yes,24,28,12,14,10,12,
1,13,1,Engine 6d10 - w/trans,2028.72,Yes,110,130,70,90,85,100,
1,13,1,Engine block: (4DR5),312.11,Yes,60,75,40,50,40,50,
1,13,1,Engine block: (8DC8),1015.14,Yes,90,110,60,80,60,85,
1,13,1,Engine: 2C/F6A/F5B multicab w/ trans,660.93,Yes,70,90,50,70,60,80,
1,13,1,Engine: 2C/F6A/F5B multicab w/o trans,472.24,Yes,60,80,45,60,55,70,
1,13,1,Engine: 3K-4K D4B4/Tamaraw/V-hire w/o trans,586.22,Yes,65,85,50,65,60,75,
1,13,1,Engine: 3K-4K D4B4/Tamaraw/V-hire w/trans,755.85,Yes,75,100,55,75,65,85,
1,13,1,Engine: CD 20 Nissan/4Dr5; elf/4D30/RF 1800cc w/o trans,1110.03,Yes,75,95,70,85,80,95,
1,13,1,Engine: CD 20 Nissan/4Dr5; elf/4D30/RF 1800cc w/trans,2178,Yes,120,145,75,90,85,100,
1,13,1,Engine: Kholer 16HP,251.05,Yes,45,50,40,45,45,50,
1,13,1,Engine: RF Mazda w/o trans,742.08,Yes,80,95,65,75,75,85,
1,13,1,Engine: RF Mazda w/trans,963.47,Yes,130,150,70,85,80,95,
1,13,1,Engine: V10 (Isuzu),2076.21,Yes,140,160,90,110,110,130,
1,13,1,Engine: V8,1679.97,Yes,90,110,80,95,80,95,
1,13,1,Engine: Yamada genset 6KVA open type,714,Yes,75,90,55,65,65,80,
1,13,1,Engine: Yanmar 10HP,491.23,Yes,70,85,45,55,60,75,
1,13,1,Engine: Yanmar 5HP (3KW),377.92,Yes,50,65,40,50,50,60,
1,1,1,Feeds 40-50 kls sacks,20.65,Yes,65,80,45,55,15,25,
1,1,1,Fertilizer/sugar 50 kls sacks,29.33,Yes,70,85,50,60,15,25,
1,2,1,Fighting cock,56.9,Yes,30,45,15,25,40,55,
1,8,,Floormat,55.63,No,,,,,,,0.05
1,8,1,Flour 25 kls sacks,11.5,Yes,50,60,35,45,10,15,
1,3,3,Freezer/Refrigerator 11-14 cu.ft.,698.86,Yes,24,30,24,30,60,70,
1,3,3,Freezer/Refrigerator 5-7 cu.ft.,472.07,Yes,18,22,18,22,45,55,
1,3,3,Freezer/Refrigerator 8-10 cu.ft.,566.55,Yes,21,24,21,24,55,65,
1,15,1,Fresh eggs per tray,4.89,Yes,30,32,30,32,5,7,
1,3,3,Gas range / Washing Machine / Sewing Machine,377.65,Yes,20,26,20,26,30,36,
1,3,3,Gas stove double burner,62.31,Yes,28,32,15,18,5,7,
1,3,3,Gas stove single burner,39.65,Yes,12,15,12,15,5,7,
1,13,1,Generating set F8 5KVA,583.51,Yes,70,85,50,65,60,75,
1,14,2,Generator (250K),746.35,Yes,11.5,13.1,4.6,5.2,6.6,7.2,
1,13,2,Generator (denyo),825.06,Yes,4,5,2.3,3,3,3.6,
1,13,1,Generator (kubota) / agri engine 1.5KVA ,481.74,Yes,50,65,35,45,45,55,
1,4,2,Glass sheets 3/16,32,Yes,4,8,3,4,0.05,0.1,
1,1,1,Grits/rice 35-50 kls sacks,20.65,Yes,60,80,40,55,15,25,
1,4,2,Gutter/ridge roll (central lumber),6.87,Yes,8,10,1,1.5,0.3,0.5,
1,13,2,Hand tractor,327.85,Yes,7.2,8.2,2.6,3.3,3.6,4.3,
1,13,2,Hollow block machine,1065.25,Yes,4,5,3,4,5,6,
1,4,1,I-Beam differential: front - big,434.24,Yes,160,180,40,50,40,50,
1,4,1,I-Beam differential: front - medium,377.92,Yes,130,155,35,45,35,45,
1,4,1,I-Beam differential: front - small,339.93,Yes,100,125,30,40,30,40,
1,4,1,I-Beam differential: rear - big,491.23,Yes,170,190,45,55,45,55,
1,4,1,I-Beam differential: rear - medium,434.24,Yes,140,165,35,45,35,45,
1,4,1,I-Beam differential: rear - small,377.92,Yes,110,135,30,40,30,40,
1,4,1,I-Beam forward,429.15,Yes,180,220,20,25,20,25,
1,8,1,Ice chest: 711/550/single deck empty,18,Yes,60,75,40,50,40,50,
1,8,1,Ice chest: 711/550/single deck w/ inside,27.5,Yes,60,75,40,50,40,50,
1,8,1,Ice chest: semi jumbo empty,30,Yes,80,95,50,60,50,60,
1,8,1,Ice chest: w/rope colored empty,10,Yes,45,55,30,40,30,40,
1,8,1,Ice chest: XL empty,51.5,Yes,90,110,55,65,55,65,
1,18,3,Kiddie bike - big,54.73,Yes,35,45,18,22,25,34,
1,18,3,Kiddie bike - medium,38.43,Yes,32,40,16,20,24,30,
1,8,1,Kiddie bike - small,23.22,Yes,80,100,40,50,60,75,
1,10,1,Lubricants (drum),692,Yes,58,60,58,60,88,92,
1,10,,Lubricants 0.4cbm,37.1,No,,,,,,,0.4
1,4,2,"Lumber per 1,000 board foot",2462.34,Yes,8,12,4,4,4,4,
1,15,1,Mango juice 11-17kls,32,Yes,40,45,30,35,25,30,
1,1,1,Mango seedlings,9.77,Yes,15,25,15,25,45,75,
1,8,1,Mat: 12 x 3,36.46,Yes,360,370,90,100,0.5,1,
1,8,1,Mat: 12 x 6,47.77,Yes,360,370,180,190,0.5,1,
1,8,1,Mat: 6 x 3,21.3,Yes,180,190,90,100,0.5,1,
1,16,,Medicine 0.06cbm,55.63,No,,,,,,,0.06
1,12,1,Molasses 50 kls sacks,67.85,Yes,60,75,40,50,20,30,
1,1,1,Mongoes 25 kls sacks,14.66,Yes,50,60,35,45,10,15,
1,13,1,Motor pump 16hp,235.29,Yes,50,72,40,55,45,60,
1,18,2,Motorcycle: 100cc-125cc,869,Yes,6,6.8,2.3,2.6,3.5,4,
1,18,2,Motorcycle: 135cc-155cc,1044,Yes,6.2,7.2,2.4,2.8,3.6,4.3,
1,18,2,Motorcycle: 185cc-200cc,1175,Yes,6.2,7,2.4,2.8,3.8,4.2,
1,18,2,Motorcycle: above 200cc,1435,Yes,6.5,7.5,2.5,2.8,3.6,4.3,
1,18,2,Motorcycle: bigbike,2070,Yes,7,8.2,2.9,3.6,4,5,
1,18,2,Multicab cargo box,593.01,Yes,7,9.5,4.5,5,4,6,
1,18,3,Multicab suspension,248.91,Yes,15,25,15,25,20,35,
1,9,1,Nails (in cartons) 25kls,32,Yes,30,35,30,35,20,25,
1,9,1,Nails (in cartons) 50kls,64,Yes,40,45,40,45,30,35,
1,8,1,Odong,32,Yes,40,50,30,35,20,25,
1,10,1,Paints/thinner (cases/cartons),32,Yes,35,45,35,45,30,40,
1,8,1,Parafin wax (in sacks) ,60.09,Yes,50,70,40,50,15,25,
1,9,1,"PE pipe rolls 1/2"" x 300 4",188.83,Yes,100,120,100,120,45,60,
1,9,1,"PE pipe rolls 1/2"" x 75 4",56.72,Yes,60,80,60,80,20,30,
1,9,1,"PE pipe rolls 2"" x 100 4",314.82,Yes,140,160,140,160,50,65,
1,9,1,"PE pipe rolls 2"" x 60 4",188.83,Yes,120,140,120,140,40,50,
1,9,1,"PE pipe rolls 3"" x 100 4",373.18,Yes,160,180,160,180,60,80,
1,1,1,"Peanut, sago, soya, yellow corn 25 kls sacks",39.01,Yes,50,60,35,45,10,15,
1,4,1,Pebbles (sacks 50kls),30.21,Yes,60,70,40,50,15,20,
1,4,2,Plywood: 1/2 - 10mm,18.73,Yes,8,8,4,4,0.03,0.04,
1,4,2,Plywood: 1/4 - 5mm & 6mm,9.36,Yes,8,8,4,4,0.01,0.02,
1,4,2,Plywood: 3/16 - 4mm & 3mm,7.39,Yes,8,8,4,4,0.01,0.01,
1,4,2,Plywood: 3/4 - 18mm,28.09,Yes,8,8,4,4,0.06,0.07,
1,4,2,Polycarbonate x 8',35.01,Yes,8,8,3,4,0.01,0.02,
1,13,1,Pressure washer 1.5HP,190.25,Yes,50,65,35,45,40,55,
1,18,1,Rims - big,56.65,Yes,55,65,55,65,25,35,
1,18,1,Rims - medium,37.79,Yes,45,55,45,55,20,30,
1,18,1,Rims - small,28.32,Yes,35,45,35,45,15,25,
1,14,1,Safety Vault,780.28,Yes,70,77,90,97,70,71,
1,15,1,Salted fish per tin 17 kls,42.95,Yes,24,26,24,26,35,38,
1,3,3,Sing along/component - big,377.65,Yes,18,24,15,20,30,45,
1,3,3,Sing along/component - medium,339.93,Yes,12,16,10,14,20,28,
1,3,3,Sing along/component - small,283.27,Yes,8,11,6,9,10,18,
1,13,,Stainless tank - 1.1 cbm,1038.78,No,,,,,,,1.1
1,13,,Stainless tank - 1.3cbm,1228.09,No,,,,,,,1.3
1,13,1,Stainless tank - 1000 ltrs,1228.09,Yes,110,125,110,125,150,175,
1,13,1,Stainless tank - 800 ltrs,1038.78,Yes,100,110,100,110,130,150,
1,3,3,Stand fan,62.31,Yes,16,20,16,20,40,55,
1,4,2,"Steel matting 2"" x 2"" x 4' x 8' ",31,Yes,8,8,4,4,0.02,0.05,
1,4,2,Steel matting 6' x 20',145.2,Yes,20,20,6,6,0.02,0.05,
1,4,2,Steel plate (checkered) 3 x 16,47.5,Yes,16,16,3,3,0.01,0.02,
1,4,2,Steel plate (galvanuze iron) #18 1/4 x 4 x 8,75.99,Yes,8,8,4,4,0.01,0.02,
1,4,2,Steel plate 1/2 12.00mm 282kls,249.69,Yes,8,10,4,5,0.04,0.05,
1,4,2,Steel plate 1/4 6.00m 141kls,145.2,Yes,8,10,4,5,0.02,0.03,
1,4,2,Steel plate 1/8 1.60mm 60kls,44.51,Yes,8,10,4,5,0.01,0.01,
1,4,2,Steel plate 3/8 9.00mm 212kls,157.28,Yes,8,10,4,5,0.03,0.04,
1,1,1,Tahop/pollard/salt 25 kls sacks,10.32,Yes,50,60,35,45,10,15,
1,3,3,"Television 12-20""",302.12,Yes,10.5,18,6.5,11.5,1.5,2,
1,3,3,"Television 21-25""",377.65,Yes,19,23,8,10,12,15,
1,3,3,"Television 26-30""",472.06,Yes,24,28,10,12,15,18,
1,3,3,"Television 31"" and above",566.48,Yes,29,60,12,18,18,40,
1,18,1,Tire w/rim 11PR-22.50,210.34,Yes,105,110,105,110,30,35,
1,5,1,Transformer,928.53,Yes,60,80,50,70,80,110,
1,8,1,Tungog powder/food coloring 50 kls sacks,26.33,Yes,65,80,45,55,15,25,
1,15,1,Vegetables: bakat/sks up to 60kls,103,Yes,60,75,60,75,70,90,
1,15,1,Vegetables: in plastic up to 10kls,15.7,Yes,30,45,30,45,40,55,
1,5,,Video game 0.685cbm,647.29,No,,,,,,,0.69
1,13,1,Water pump,132.99,Yes,40,55,30,40,35,50,
1,9,1,Welding machine (portable),234.08,Yes,35,45,15,20,25,35,
1,13,1,Welding machine 400amp 3phase with accessories,468.17,Yes,60,80,40,55,50,70,
1,9,1,Welding rod,32,Yes,35,45,10,15,10,15,
1,9,1,Wire in rolls: barbed wire 20kls,33.99,Yes,35,40,35,40,30,35,
1,9,1,Wire in rolls: barbed wire 30kls,49.1,Yes,40,45,40,45,35,40,
1,9,1,Wire in rolls: cyclone wire,28.32,Yes,90,120,30,40,30,40,
1,9,1,Wire in rolls: galvanized iron 25kls,33.99,Yes,40,50,40,50,15,20,
1,9,1,Wire in rolls: galvanized iron 50kls,56.65,Yes,50,60,50,60,20,30,
1,9,1,Wire in rolls: screen wire,33.99,Yes,90,120,20,25,20,25,
1,9,1,Wire in rolls: twisted wire 50kls,64.25,Yes,50,60,50,60,25,35,
1,9,1,Wire in rolls: welded wire,52.92,Yes,100,120,40,50,40,50,
1,5,2,Xerox machine/copier,472.84,Yes,2.5,3.5,2.5,3,3.5,4.5,
2,8,,Minimum Charge,326,No,,,,,,,
2,8,,Maximum Charge (for high value items),670.04,No,,,,,,,
2,8,,Minimum Charge per carton,27.72,No,,,,,,,
2,8,,Class A,924,No,,,,,,,
2,8,,Class B,735,No,,,,,,,
2,8,,Class C,577.5,No,,,,,,,
2,13,1,Air Compressor 1/4 HP,408.98,Yes,45,60,20,30,45,65,
2,3,3,Aircon,470.89,Yes,18,26,15,24,12,18,
2,3,3,Aircon (split type 2 crtn) 2-15-16,622.66,Yes,30,45,8,12,10,15,
2,8,1,Baking powder (in pail),27.72,Yes,25,35,25,35,30,45,
2,4,3,"Balluster 24"" (4 pcs per bundle)",27.72,Yes,10,12,10,12,24,25,
2,8,1,Behon (per bundle),102.74,Yes,45,60,30,40,30,40,
2,1,1,Bermuda grass (sacks),39.01,Yes,40,50,40,50,50,70,
2,8,1,Bicycle,158,Yes,120,175,20,30,60,110,
2,15,1,Bombay/onions/garlic - 3 red bags,28.25,Yes,30,45,30,45,50,75,
2,15,1,Bombay/onions/garlic - 4 red bags,47.08,Yes,40,55,40,55,60,85,
2,15,1,Bombay/onions/garlic - 5 red bags / 1 sack veg,75.4,Yes,50,65,50,65,70,95,
2,13,,Bread mini roller 0.85cbm,800.52,No,,,,,,,0.85
2,13,1,Briggs & Straton 6.5HP - 10HP,188.35,Yes,35,45,30,40,35,45,
2,11,2,Cadaver (No doc. stamp),1054.8,Yes,6.5,7.5,2.2,2.8,1.8,2.5,
2,8,1,Calumet in carton - 20kls,27.72,Yes,30,45,30,45,25,35,
2,8,,Candies (carton 0.3cbm),27.72,No,,,,,,,0.3
2,8,,Candles (0.14cbm),94.18,No,,,,,,,0.14
2,4,1,Cement/Fertilizer 40-50kls sacks,26,Yes,55,65,35,45,10,15,
2,13,3,Chainsaw,184.61,Yes,28,38,10,12,10,14,
2,10,,Chlorine (in drum) 35 kls above 0.9cbm,83.25,No,,,,,,,0.9
2,8,3,Coal tar (pails/tins),27.72,Yes,12,14,12,14,14,16,
2,8,1,Cocoa (in ctn),27.72,Yes,30,45,20,35,20,35,
2,4,3,Color roof #26 or #31: 4'x10',18.84,Yes,48,50,1,2,96,98,
2,4,3,Color roof #26 or #31: 4'x12',22.61,Yes,48,50,1,2,120,122,
2,4,3,Color roof #26 or #31: 4'x8',15.07,Yes,48,50,1,2,144,146,
2,4,3,Computer set,342.8,Yes,18,24,8,20,18,24,
2,4,3,Corrugated plain sheet #24: 3' x 10'/4' x 8',8.6,Yes,36,48,48,120,1,2,
2,4,3,Corrugated plain sheet #24: 3' x 12'/4' x 10',9.42,Yes,36,48,48,144,1,2,
2,4,3,Corrugated plain sheet #24: 3' x 8'/4' x 12',11.3,Yes,36,48,48,144,1,2,
2,4,3,Corrugated plain sheet #26 or #31: 3' x 10'/4' x 10',18.68,Yes,36,48,48,120,1,2,
2,4,3,Corrugated plain sheet #26 or #31: 3' x 12'/4' x 12',20.65,Yes,36,48,48,144,1,2,
2,4,3,Corrugated plain sheet #26 or #31: 3' x 8'/4' x 8',11.3,Yes,36,48,48,144,1,2,
2,3,3,CPU/LCD,68.49,Yes,15,20,6,9,14,19,
2,4,3,Cyclone wire (per rolls) below 10 kilos,20.55,Yes,12,18,12,18,36,48,
2,13,1,Cylinder head 6D15 - 45kls,60.3,Yes,80,90,25,30,15,20,
2,8,1,Cylinder tank empty - 11kls,47.11,Yes,30,32,30,32,58,62,
2,8,1,Cylinder tank empty - 50kls,81.01,Yes,40,45,40,45,120,145,
2,10,3,Cylinder tank fulls - 11kls,65.92,Yes,12,13,12,13,23,25,
2,10,3,Cylinder tank fulls - 50 kls,99.83,Yes,16,18,16,18,48,58,
2,3,1,Desk fan,47.09,Yes,35,45,30,35,50,65,
2,2,1,Dog rottweiler,684.93,Yes,60,95,25,33,55,75,
2,2,1,Dressed chicken,84.8,Yes,15,25,10,20,10,20,
2,15,1,Dried fish (in sacks up to 60kls),63,Yes,45,55,45,55,80,95,
2,15,3,Dried fish (per carton 30-40 kls),68.66,Yes,24,28,16,18,14,16,
2,15,3,Dried fish (per cases 17kls),28.93,Yes,18,22,12,14,10,12,
2,15,1,Dried fish (per sacks/bakat up to 60kls),63,Yes,50,65,50,65,70,85,
2,15,3,Dried fish in cases,28.93,Yes,20,26,14,16,12,14,
2,4,1,Drum float,45,Yes,60,65,60,65,90,120,
2,13,3,Dynamo,113.03,Yes,10,14,6,10,6,10,
2,13,3,Dynamo Yanmar 10HP,245,Yes,18,24,12,16,12,16,
2,8,3,Edible oil: 11-17 kls cartons/carbuoys,27.72,Yes,10,14,10,14,14,18,
2,13,3,Electric motor,132.65,Yes,10,20,8,14,8,14,
2,8,1,Empty coffin - metal,471.06,Yes,190,210,55,75,45,60,
2,8,1,Empty coffin - wood,433.15,Yes,190,210,55,75,45,60,
2,8,3,Empty container (used) 5/1,27.72,Yes,12,16,12,16,16,20,
2,8,3,Empty container/pet bottles/5 gallons container,8.88,Yes,12,14,12,14,16,18,
2,8,3,Empty drums (HANDLING),67.68,Yes,23,24,23,24,34,36,
2,8,3,Empty tins (10x1),92.45,Yes,24,28,12,14,10,12,
2,13,1,Engine block: (4DR5),311.33,Yes,60,75,40,50,40,50,
2,13,1,Engine block: (8DC8),1012.5,Yes,90,110,60,80,60,85,
2,13,1,Engine: 2C/F6A/F5B multicab w/ trans,659.27,Yes,70,90,50,70,60,80,
2,13,1,Engine: 2C/F6A/F5B multicab w/o trans,471.06,Yes,60,80,45,60,55,70,
2,13,1,Engine: 3K-4K D4B4/Tamaraw/V-hire w/o trans,584.76,Yes,65,85,50,65,60,75,
2,13,1,Engine: 3K-4K D4B4/Tamaraw/V-hire w/trans,753.96,Yes,75,100,55,75,65,85,
2,13,1,Engine: 6d10 - w/trans,2023.64,Yes,110,130,70,90,85,100,
2,13,1,Engine: CD 20 Nissan/4Dr5; elf/4D30/RF 1800cc w/o trans,1107.25,Yes,75,95,70,85,80,95,
2,13,1,Engine: CD 20 Nissan/4Dr5; elf/4D30/RF 1800cc w/trans,2178,Yes,120,145,75,90,85,100,
2,13,1,Engine: Kholer 16HP,250.42,Yes,45,50,40,45,45,50,
2,13,1,Engine: RF Mazda w/o trans,740.02,Yes,80,95,65,75,75,85,
2,13,1,Engine: RF Mazda w/trans,961.06,Yes,130,150,70,85,80,95,
2,13,1,Engine: V10 (Isuzu),2071.02,Yes,140,160,90,110,110,130,
2,13,1,Engine: V8,1675.77,Yes,90,110,80,95,80,95,
2,13,1,Engine: Yamada genset 6KVA open type,712.22,Yes,75,90,55,65,65,80,
2,13,1,Engine: Yanmar 10HP,490.01,Yes,70,85,45,55,60,75,
2,13,1,Engine: Yanmar 5HP (3KW),376.98,Yes,50,65,40,50,50,60,
2,1,1,Feeds/corn grits/rice 35-50 kls sacks,24,Yes,65,80,45,55,15,25,
2,2,1,Fighting cock,56.85,Yes,30,45,15,25,40,55,
2,13,,Flat scale,1111.31,No,,,,,,,1.18
2,8,,Floormat,46.24,No,,,,,,,0.05
2,8,1,Flour 25 kls sacks,13,Yes,50,60,35,45,10,15,
2,3,3,Freezer/Refrigerator 11-14 cu.ft.,697.11,Yes,24,30,24,30,60,70,
2,3,3,Freezer/Refrigerator 5-7 cu.ft.,470.89,Yes,18,22,18,22,45,55,
2,3,3,Freezer/Refrigerator 8-10 cu.ft.,565.13,Yes,21,24,21,24,55,65,
2,15,1,Fresh eggs per tray,4.87,Yes,30,32,30,32,5,7,
2,3,3,Gas range / Washing Machine / Sewing Machine,376.71,Yes,20,26,20,26,30,36,
2,3,3,Gas stove double burner,62.16,Yes,28,32,15,18,5,7,
2,3,3,Gas stove single burner,39.55,Yes,12,15,12,15,5,7,
2,13,1,Generating set F8 5KVA,582.05,Yes,70,85,50,65,60,75,
2,14,2,Generator (250K),744.48,Yes,11.5,13.1,4.6,5.2,6.6,7.2,
2,13,2,Generator (denyo),822.99,Yes,4,5,2.3,3,3,3.6,
2,13,1,Generator (kubota) / agri engine 1.5KVA ,480.53,Yes,50,65,35,45,45,55,
2,4,2,Glass sheets 3/16,27.72,Yes,4,8,3,4,0.05,0.1,
2,1,1,Grits/rice 35-50 kls sacks,20.65,Yes,60,80,40,55,15,25,
2,4,2,Gutter/ridge roll (central lumber),6.85,Yes,8,10,1,1.5,0.3,0.5,
2,13,2,Hand tractor,327.03,Yes,7.2,8.2,2.6,3.3,3.6,4.3,
2,13,2,Hollow block machine,1062.58,Yes,4,5,3,4,5,6,
2,4,1,I-Beam differential: front - big,433.15,Yes,160,180,40,50,40,50,
2,4,1,I-Beam differential: front - medium,376.98,Yes,130,155,35,45,35,45,
2,4,1,I-Beam differential: front - small,339.08,Yes,100,125,30,40,30,40,
2,4,1,I-Beam differential: rear - big,490.01,Yes,170,190,45,55,45,55,
2,4,1,I-Beam differential: rear - medium,433.15,Yes,140,165,35,45,35,45,
2,4,1,I-Beam differential: rear - small,376.98,Yes,110,135,30,40,30,40,
2,4,1,I-Beam forward,428.08,Yes,180,220,20,25,20,25,
2,8,1,Ice chest: 711/550/single deck empty,18,Yes,60,75,40,50,40,50,
2,8,1,Ice chest: 711/550/single deck w/ inside,27.5,Yes,60,75,40,50,40,50,
2,8,1,Ice chest: semi jumbo empty,29.93,Yes,80,95,50,60,50,60,
2,8,1,Ice chest: w/rope colored empty,9.98,Yes,45,55,30,40,30,40,
2,8,1,Ice chest: XL empty,51.37,Yes,90,110,55,65,55,65,
2,18,3,Kiddie bike - big,54.73,Yes,35,45,18,22,25,34,
2,18,3,Kiddie bike - medium,38.43,Yes,32,40,16,20,24,30,
2,8,1,Kiddie bike - small,23.22,Yes,80,100,40,50,60,75,
2,10,1,Lubricants (drum),544.83,Yes,58,60,58,60,88,92,
2,10,,Lubricants 0.4cbm,37.01,No,,,,,,,0.4
2,4,2,"Lumber per 1,000 board foot",2456.19,Yes,8,12,4,4,4,4,
2,15,1,Mango juice 11-17kls,27.72,Yes,40,45,30,35,25,30,
2,1,1,Mango seedlings,9.75,Yes,15,25,15,25,45,75,
2,8,1,Mat: 12 x 3,36.37,Yes,360,370,90,100,0.5,1,
2,8,1,Mat: 12 x 6,47.65,Yes,360,370,180,190,0.5,1,
2,8,1,Mat: 6 x 3,21.25,Yes,180,190,90,100,0.5,1,
2,16,,Medicine 0.06cbm,55.5,No,,,,,,,0.06
2,1,1,Molasses 50 kls sacks,67.68,Yes,60,75,40,50,15,20,
2,1,1,Mongoes 25 kls sacks,13,Yes,50,60,35,45,10,15,
2,13,1,Motor pump 16hp,591.53,Yes,50,72,40,55,45,60,
2,18,2,Motorcycle: 125cc below,550,Yes,6,6.8,2.3,2.6,3.5,4,
2,18,2,Motorcycle: 135cc-155cc,630,Yes,6.2,7.2,2.4,2.8,3.6,4.3,
2,18,2,Motorcycle: 155cc above to 200cc,700,Yes,6.2,7,2.4,2.8,3.8,4.2,
2,18,2,Motorcycle: 200cc above to 450cc,930,Yes,6.5,7.5,2.5,2.8,3.6,4.3,
2,18,2,Motorcycle: 450cc above to bigbike,1345,Yes,7,8.2,2.9,3.6,4,5,
2,18,2,Multicab cargo box,591.53,Yes,7,9.5,4.5,5,4,6,
2,18,3,Multicab suspension,248.29,Yes,15,25,15,25,20,35,
2,9,1,Nails (in cartons) 25kls,36.96,Yes,30,35,30,35,20,25,
2,9,1,Nails (in cartons) 50kls,63.84,Yes,40,45,40,45,30,35,
2,8,1,Odong,27.72,Yes,40,50,30,35,20,25,
2,10,1,Paints/thinner (cases/cartons),36.96,Yes,35,45,35,45,30,40,
2,8,1,Parafin wax (in sacks) ,60.09,Yes,50,70,40,50,15,25,
2,9,1,"PE pipe rolls 1/2"" x 300 4",188.35,Yes,100,120,100,120,45,60,
2,9,1,"PE pipe rolls 1/2"" x 75 4",56.58,Yes,60,80,60,80,20,30,
2,9,1,"PE pipe rolls 2"" x 100 4",314.04,Yes,140,160,140,160,50,65,
2,9,1,"PE pipe rolls 2"" x 60 4",188.35,Yes,120,140,120,140,40,50,
2,9,1,"PE pipe rolls 3"" x 100 4",372.24,Yes,160,180,160,180,60,80,
2,1,1,"Peanut, sago, soya, yellow corn 25 kls sacks",38.92,Yes,50,60,35,45,10,15,
2,4,1,Pebbles (sacks 50kls),30.13,Yes,60,70,40,50,15,20,
2,4,2,Plywood: 1/2 - 10mm,18.68,Yes,8,8,4,4,0.03,0.04,
2,4,2,Plywood: 1/4 - 5mm & 6mm,9.34,Yes,8,8,4,4,0.01,0.02,
2,4,2,Plywood: 3/16 - 4mm & 3mm,7.37,Yes,8,8,4,4,0.01,0.01,
2,4,2,Plywood: 3/4 - 18mm,28.02,Yes,8,8,4,4,0.06,0.07,
2,4,2,Polycarbonate,34.92,Yes,8,8,3,4,0.01,0.02,
2,13,1,Pressure washer 1.5HP,189.78,Yes,50,65,35,45,40,55,
2,18,1,Rims - big,56.51,Yes,55,65,55,65,25,35,
2,18,1,Rims - medium,37.7,Yes,45,55,45,55,20,30,
2,18,1,Rims - small,28.25,Yes,35,45,35,45,15,25,
2,14,1,Safety Vault,778.32,Yes,70,77,90,97,70,71,
2,8,1,Salt 25kls sacks,13,Yes,60,75,40,50,15,20,
2,8,1,Salt 50kls,26,Yes,60,75,40,50,20,30,
2,15,1,Salted fish per tin 17 kls,34.5,Yes,24,26,24,26,35,38,
2,3,3,Sing along/component - big,376.71,Yes,18,24,15,20,30,45,
2,3,3,Sing along/component - medium,339.08,Yes,12,16,10,14,20,28,
2,3,3,Sing along/component - small,282.57,Yes,8,11,6,9,10,18,
2,13,,Stainless tank - 1.3cbm,1225.01,No,,,,,,,1.3
2,3,3,Stand fan,62.16,Yes,16,20,16,20,40,55,
2,4,2,"Steel matting 2"" x 2"" x 4' x 8' ",30.92,Yes,8,8,4,4,0.02,0.05,
2,4,2,Steel matting 6' x 20',144.84,Yes,20,20,6,6,0.02,0.05,
2,4,2,Steel plate (checkered) 3 x 16,47.38,Yes,16,16,3,3,0.01,0.02,
2,4,2,Steel plate (galvanuze iron) #18 1/4 x 4 x 8,75.8,Yes,8,8,4,4,0.01,0.02,
2,4,2,Steel plate 1/2 12.00mm 282kls,249.06,Yes,8,10,4,5,0.04,0.05,
2,4,2,Steel plate 1/4 6.00m 141kls,144.84,Yes,8,10,4,5,0.02,0.03,
2,4,2,Steel plate 1/8 2.60mm 60kls,44.4,Yes,8,10,4,5,0.01,0.01,
2,4,2,Steel plate 3/8 9.00mm 212kls,156.88,Yes,8,10,4,5,0.03,0.04,
2,1,1,Sugar/Starch/Corn grains 40-50 kls sacks,26,Yes,70,85,50,60,15,25,
2,3,3,"Television 12-20""",301.37,Yes,10.5,18,6.5,11.5,1.5,2,
2,3,3,"Television 21-25""",376.71,Yes,19,23,8,10,12,15,
2,3,3,"Television 26-30""",470.88,Yes,24,28,10,12,15,18,
2,3,3,"Television 31"" and above",565.06,Yes,29,60,12,18,18,40,
2,1,1,Tile adhesive/grout/skimcoat 25 kls sacks,13,Yes,50,60,35,45,10,15,
2,18,1,Tire w/rim 11PR-22.50,209.81,Yes,105,110,105,110,30,35,
2,5,1,Transformer,926.21,Yes,60,80,50,70,80,110,
2,8,1,Tungog powder 50 kls sacks,26,Yes,65,80,45,55,15,25,
2,15,1,Vegetables: bakat/sks up to 60kls,63,Yes,60,75,60,75,70,90,
2,15,1,Vegetables: in plastic up to 10kls,15.66,Yes,30,45,30,45,40,55,
2,5,,"Video game 0.685cbm, karaoke box",645.67,No,,,,,,,0.69
2,13,1,Water pump,132.65,Yes,40,55,30,40,35,50,
2,9,1,Welding machine (portable),233.5,Yes,35,45,15,20,25,35,
2,13,1,Welding machine 400amp 3phase with accessories,466.99,Yes,60,80,40,55,50,70,
2,9,1,Welding rod,27.72,Yes,35,45,10,15,10,15,
2,9,1,Wire in rolls: barbed wire 20kls,33.91,Yes,35,40,35,40,30,35,
2,9,1,Wire in rolls: barbed wire 30kls,48.97,Yes,40,45,40,45,35,40,
2,9,1,Wire in rolls: cyclone wire,28.25,Yes,90,120,30,40,30,40,
2,9,1,Wire in rolls: galvanized iron 25kls,33.91,Yes,40,50,40,50,15,20,
2,9,1,Wire in rolls: galvanized iron 50kls,56.51,Yes,50,60,50,60,20,30,
2,9,1,Wire in rolls: screen wire,33.91,Yes,90,120,20,25,20,25,
2,9,1,Wire in rolls: twisted wire 50kls,64.09,Yes,50,60,50,60,25,35,
2,9,1,Wire in rolls: welded wire,52.79,Yes,100,120,40,50,40,50,
2,5,2,Xerox machine/copier,471.06,Yes,2.5,3.5,2.5,3,3.5,4.5,
